USER_ID,ITEM_ID,TIMESTAMP
za7B0BUCPA,T9lo50YoNl,0
za7B0BUCPA,rPN4eCDi5l,1
za7B0BUCPA,KUS5VLfpnf,2
za7B0BUCPA,7yQOyj2xZb,3
za7B0BUCPA,Segk6q9pWN,4
za7B0BUCPA,lPA7RgRMtw,5
za7B0BUCPA,isDCk1b7gV,6
za7B0BUCPA,2zkrLHfLW8,7
za7B0BUCPA,aw4CCpbOlA,8
za7B0BUCPA,VeXcWv48oe,9
za7B0BUCPA,nnerWwEGBB,10
za7B0BUCPA,PqgCokL9vp,11
za7B0BUCPA,yaJg7Hvwwf,12
za7B0BUCPA,YMJctUwkcx,13
za7B0BUCPA,y5b3AJUbA1,14
za7B0BUCPA,pFq3sEjlru,15
za7B0BUCPA,pahKxeyaBL,16
za7B0BUCPA,KKgxrWFAvU,17
za7B0BUCPA,2cQETcUkAf,18
za7B0BUCPA,ZySukU1zgQ,19
za7B0BUCPA,6Df2MkE7hw,20
za7B0BUCPA,M05mkCCAl9,21
za7B0BUCPA,JioiFlqKWk,22
za7B0BUCPA,EQoaGGQ1ce,23
za7B0BUCPA,s1tw1TkUsA,24
za7B0BUCPA,q2XME9v0Ki,25
za7B0BUCPA,5VYtygsBa9,26
za7B0BUCPA,mW7v0ykFKW,27
za7B0BUCPA,Km7BO678nx,28
za7B0BUCPA,dMVlWkFdTZ,29
za7B0BUCPA,ig5A6jj25o,30
za7B0BUCPA,4vYY3sxZwB,31
za7B0BUCPA,HSLJLHK04b,32
za7B0BUCPA,Sfa06pKIcG,33
za7B0BUCPA,PuaIfQOdnj,34
za7B0BUCPA,okJO9rbJmf,35
za7B0BUCPA,80F3Bw5d6r,36
za7B0BUCPA,s1tw1TkUsA,37
za7B0BUCPA,nXVVlsStqu,38
za7B0BUCPA,coQUztfeP8,39
za7B0BUCPA,IaPfHfan56,40
za7B0BUCPA,DJQrhGzHVM,41
za7B0BUCPA,I5b6Ka8zPh,42
za7B0BUCPA,lqoDbb83ov,43
za7B0BUCPA,UjP8LM3xqS,44
za7B0BUCPA,MT7vgMmhPf,45
za7B0BUCPA,lDFvXv5yBP,46
za7B0BUCPA,fhk47mRhno,47
za7B0BUCPA,OAXc5BB63A,48
za7B0BUCPA,N4IpAztHsr,49
za7B0BUCPA,isDCk1b7gV,50
za7B0BUCPA,jyaqPczcTN,51
za7B0BUCPA,lqoDbb83ov,52
za7B0BUCPA,Mwb3JHGohg,53
za7B0BUCPA,qPYILTO8LR,54
za7B0BUCPA,WsIaixEyH7,55
za7B0BUCPA,uXTCqCmCOm,56
za7B0BUCPA,7KAwrqP7m2,57
za7B0BUCPA,F6AAGhxhYp,58
za7B0BUCPA,jPXhYXRZ6e,59
sbQy8mqfII,A7Dd8qjLNC,60
sbQy8mqfII,0YN2BXNFdj,61
sbQy8mqfII,KELyI0J8MR,62
sbQy8mqfII,W6vkLyktsz,63
sbQy8mqfII,UTYJZA8z1v,64
sbQy8mqfII,coQUztfeP8,65
sbQy8mqfII,gZ4NyCFFa0,66
sbQy8mqfII,CC3RIZR1MH,67
sbQy8mqfII,8lwFol7AZd,68
sbQy8mqfII,733B1eCk9Q,69
sbQy8mqfII,8tmktKpKAY,70
sbQy8mqfII,AW9CfLRGQO,71
sbQy8mqfII,WWSwsFFaHJ,72
sbQy8mqfII,dULRUXkZsz,73
sbQy8mqfII,mW7v0ykFKW,74
sbQy8mqfII,NESdVjqI4k,75
sbQy8mqfII,dMVlWkFdTZ,76
sbQy8mqfII,hOfe4hZaYy,77
sbQy8mqfII,vpaZT4hTYo,78
sbQy8mqfII,I5b6Ka8zPh,79
sbQy8mqfII,2wAocYO3G1,80
sbQy8mqfII,pcZH3GUIju,81
sbQy8mqfII,pMECImGZBr,82
sbQy8mqfII,8up3NeiZdc,83
sbQy8mqfII,okJO9rbJmf,84
sbQy8mqfII,btU0UoIu9z,85
sbQy8mqfII,D1JZ3yF86p,86
sbQy8mqfII,Zvtr8LNbFb,87
sbQy8mqfII,hP8OWUhxrR,88
sbQy8mqfII,vdM4zVLdOm,89
sbQy8mqfII,DJQrhGzHVM,90
sbQy8mqfII,0yPDfWMDHK,91
sbQy8mqfII,ig5A6jj25o,92
sbQy8mqfII,cgnS7KeDpX,93
sbQy8mqfII,5mWe8I9yLi,94
sbQy8mqfII,8lwFol7AZd,95
sbQy8mqfII,lPA7RgRMtw,96
sbQy8mqfII,B0UBr3w86T,97
sbQy8mqfII,0dMs2uuBh3,98
sbQy8mqfII,uLeWaUKKPn,99
sbQy8mqfII,PqgCokL9vp,100
sbQy8mqfII,F4FPlUIEUX,101
sbQy8mqfII,0thyFAkxKO,102
sbQy8mqfII,pDXd2YCeHL,103
sbQy8mqfII,N768q8ksrj,104
sbQy8mqfII,kK0GE58PTV,105
sbQy8mqfII,Tcu0QBXQbY,106
sbQy8mqfII,D1JZ3yF86p,107
sbQy8mqfII,7thHSRmi1w,108
sbQy8mqfII,XXpTLCFqsT,109
sbQy8mqfII,aBzkttGkzl,110
sbQy8mqfII,yuBkZEo6et,111
sbQy8mqfII,cgnS7KeDpX,112
sbQy8mqfII,HVkL2EYSi3,113
sbQy8mqfII,QiW51gvcVK,114
sbQy8mqfII,qPYILTO8LR,115
sbQy8mqfII,m5vR0NGmp1,116
sbQy8mqfII,7thHSRmi1w,117
sbQy8mqfII,05Yj7kk4qY,118
sbQy8mqfII,6YoUhKY9YX,119
5TFJHzPrjT,KKgxrWFAvU,120
5TFJHzPrjT,LHUpOPY6n8,121
5TFJHzPrjT,aBzkttGkzl,122
5TFJHzPrjT,IaPfHfan56,123
5TFJHzPrjT,vdM4zVLdOm,124
5TFJHzPrjT,7KAwrqP7m2,125
5TFJHzPrjT,T9lo50YoNl,126
5TFJHzPrjT,gO0Su7MY5m,127
5TFJHzPrjT,acUNaFohpW,128
5TFJHzPrjT,rnZrTPMdPX,129
5TFJHzPrjT,zg4EymunjP,130
5TFJHzPrjT,oVXYOzKN3r,131
5TFJHzPrjT,6ZQj7UJ58m,132
5TFJHzPrjT,pFYLW05WPC,133
5TFJHzPrjT,u2038AXwWX,134
5TFJHzPrjT,oVXYOzKN3r,135
5TFJHzPrjT,eqKJnwd6SM,136
5TFJHzPrjT,DotndAVrS6,137
5TFJHzPrjT,TPE44ZQJnH,138
5TFJHzPrjT,EQoaGGQ1ce,139
5TFJHzPrjT,5SlTEOIDQD,140
5TFJHzPrjT,Segk6q9pWN,141
5TFJHzPrjT,LKafzv4UrR,142
5TFJHzPrjT,gZ4NyCFFa0,143
5TFJHzPrjT,dbprGfFLDD,144
5TFJHzPrjT,F4FPlUIEUX,145
5TFJHzPrjT,GEyx0e46cn,146
5TFJHzPrjT,Yl655cPOgq,147
5TFJHzPrjT,CC3RIZR1MH,148
5TFJHzPrjT,8NZGlECpDU,149
5TFJHzPrjT,vpaZT4hTYo,150
5TFJHzPrjT,WyRuZFjQIb,151
5TFJHzPrjT,KXoQmi0kA7,152
5TFJHzPrjT,Vja5Fu5q2r,153
5TFJHzPrjT,ekM8sraMFZ,154
5TFJHzPrjT,s48W7smG52,155
5TFJHzPrjT,kK0GE58PTV,156
5TFJHzPrjT,aTjrS03MAf,157
5TFJHzPrjT,rnZrTPMdPX,158
5TFJHzPrjT,1N6nQ1Yet1,159
5TFJHzPrjT,vpaZT4hTYo,160
5TFJHzPrjT,ig5A6jj25o,161
5TFJHzPrjT,pcZH3GUIju,162
5TFJHzPrjT,XXpTLCFqsT,163
5TFJHzPrjT,VeXcWv48oe,164
5TFJHzPrjT,u2038AXwWX,165
5TFJHzPrjT,wg1ck8h8rN,166
5TFJHzPrjT,Km7BO678nx,167
5TFJHzPrjT,2wAocYO3G1,168
5TFJHzPrjT,OAXc5BB63A,169
5TFJHzPrjT,NQkrCZrWCz,170
5TFJHzPrjT,MkTtSyCzgT,171
5TFJHzPrjT,T9lo50YoNl,172
5TFJHzPrjT,UTYJZA8z1v,173
5TFJHzPrjT,gO0Su7MY5m,174
5TFJHzPrjT,5VYtygsBa9,175
5TFJHzPrjT,Sfa06pKIcG,176
5TFJHzPrjT,aAGebH356j,177
5TFJHzPrjT,tcN4qaeMLP,178
5TFJHzPrjT,2zkrLHfLW8,179
VKmLZFyADF,8lwFol7AZd,180
VKmLZFyADF,MkTtSyCzgT,181
VKmLZFyADF,CjAbb0PYrC,182
VKmLZFyADF,VeXcWv48oe,183
VKmLZFyADF,RLL5BFSp5c,184
VKmLZFyADF,2cQETcUkAf,185
VKmLZFyADF,mWbvdBI11n,186
VKmLZFyADF,yuBkZEo6et,187
VKmLZFyADF,TPE44ZQJnH,188
VKmLZFyADF,8FB1vpfp7R,189
VKmLZFyADF,IVckoUfBGF,190
VKmLZFyADF,0ZhwHFlPG1,191
VKmLZFyADF,qPYILTO8LR,192
VKmLZFyADF,Z6eyqSOEmU,193
VKmLZFyADF,qJc0bQ1BcX,194
VKmLZFyADF,h4nrrmJxX4,195
VKmLZFyADF,b2uT3jTHos,196
VKmLZFyADF,VTNBepJFDI,197
VKmLZFyADF,KELyI0J8MR,198
VKmLZFyADF,WWSwsFFaHJ,199
VKmLZFyADF,b2uT3jTHos,200
VKmLZFyADF,btU0UoIu9z,201
VKmLZFyADF,iOg4px4eiM,202
VKmLZFyADF,3Y4z9qPYrc,203
VKmLZFyADF,YUr747KGNF,204
VKmLZFyADF,1faLe8fKMO,205
VKmLZFyADF,JioiFlqKWk,206
VKmLZFyADF,Tl89N6hqXi,207
VKmLZFyADF,yZ9Gv1VeMr,208
VKmLZFyADF,NuPz7zJo0O,209
VKmLZFyADF,pahKxeyaBL,210
VKmLZFyADF,fhk47mRhno,211
VKmLZFyADF,0alRD4VVpv,212
VKmLZFyADF,A7Dd8qjLNC,213
VKmLZFyADF,s2mhfRgyEF,214
VKmLZFyADF,U6VcUPahFU,215
VKmLZFyADF,RLL5BFSp5c,216
VKmLZFyADF,MkTtSyCzgT,217
VKmLZFyADF,JhXtVOsgFM,218
VKmLZFyADF,N768q8ksrj,219
VKmLZFyADF,acUNaFohpW,220
VKmLZFyADF,Tl89N6hqXi,221
VKmLZFyADF,HNlEUUhdiA,222
VKmLZFyADF,ddrZxnhLEZ,223
VKmLZFyADF,PqgCokL9vp,224
VKmLZFyADF,lDFvXv5yBP,225
VKmLZFyADF,u2038AXwWX,226
VKmLZFyADF,uLeWaUKKPn,227
VKmLZFyADF,EQoaGGQ1ce,228
VKmLZFyADF,BxH0APZ4Yu,229
VKmLZFyADF,6Df2MkE7hw,230
VKmLZFyADF,oVXYOzKN3r,231
VKmLZFyADF,kLnkmaMQKI,232
VKmLZFyADF,733B1eCk9Q,233
VKmLZFyADF,vYUkRwXSXK,234
VKmLZFyADF,bIDKhNMFAf,235
VKmLZFyADF,h4nrrmJxX4,236
VKmLZFyADF,LjOSq4yoSx,237
VKmLZFyADF,F6AAGhxhYp,238
VKmLZFyADF,Yl655cPOgq,239
XbhBTXkXaN,N4IpAztHsr,240
XbhBTXkXaN,oobL07lfEH,241
XbhBTXkXaN,KKgxrWFAvU,242
XbhBTXkXaN,LjOSq4yoSx,243
XbhBTXkXaN,5VYtygsBa9,244
XbhBTXkXaN,lqoDbb83ov,245
XbhBTXkXaN,dULRUXkZsz,246
XbhBTXkXaN,jPXhYXRZ6e,247
XbhBTXkXaN,7yQOyj2xZb,248
XbhBTXkXaN,LYrbV291bK,249
XbhBTXkXaN,YUr747KGNF,250
XbhBTXkXaN,2NDX2scSXg,251
XbhBTXkXaN,y5b3AJUbA1,252
XbhBTXkXaN,Zvtr8LNbFb,253
XbhBTXkXaN,ig5A6jj25o,254
XbhBTXkXaN,Tcu0QBXQbY,255
XbhBTXkXaN,b2uT3jTHos,256
XbhBTXkXaN,MT7vgMmhPf,257
XbhBTXkXaN,CC3RIZR1MH,258
XbhBTXkXaN,8NZGlECpDU,259
XbhBTXkXaN,rPN4eCDi5l,260
XbhBTXkXaN,9axSHrDkOe,261
XbhBTXkXaN,FZNen7wB7H,262
XbhBTXkXaN,aw4CCpbOlA,263
XbhBTXkXaN,JhXtVOsgFM,264
XbhBTXkXaN,gC6E5hkXxX,265
XbhBTXkXaN,yaJg7Hvwwf,266
XbhBTXkXaN,Q41HVG4eoF,267
XbhBTXkXaN,uOC8KQHG3w,268
XbhBTXkXaN,i0ptUsveOS,269
XbhBTXkXaN,IaPfHfan56,270
XbhBTXkXaN,c37SgQo4UR,271
XbhBTXkXaN,HSLJLHK04b,272
XbhBTXkXaN,iOg4px4eiM,273
XbhBTXkXaN,JhXtVOsgFM,274
XbhBTXkXaN,aAGebH356j,275
XbhBTXkXaN,7yQOyj2xZb,276
XbhBTXkXaN,xEqJo6xjss,277
XbhBTXkXaN,3Y4z9qPYrc,278
XbhBTXkXaN,tQwPS7fZNo,279
XbhBTXkXaN,hTUDwdfR8a,280
XbhBTXkXaN,8up3NeiZdc,281
XbhBTXkXaN,NzUsekxlmk,282
XbhBTXkXaN,AW9CfLRGQO,283
XbhBTXkXaN,YMJctUwkcx,284
XbhBTXkXaN,VENqxXtT1c,285
XbhBTXkXaN,lPA7RgRMtw,286
XbhBTXkXaN,6ZQj7UJ58m,287
XbhBTXkXaN,CjAbb0PYrC,288
XbhBTXkXaN,ws76OX07gu,289
XbhBTXkXaN,XmR4B0H8JB,290
XbhBTXkXaN,x74cggTzyl,291
XbhBTXkXaN,coQUztfeP8,292
XbhBTXkXaN,NESdVjqI4k,293
XbhBTXkXaN,PqgCokL9vp,294
XbhBTXkXaN,VENqxXtT1c,295
XbhBTXkXaN,8up3NeiZdc,296
XbhBTXkXaN,mW7v0ykFKW,297
XbhBTXkXaN,yZ9Gv1VeMr,298
XbhBTXkXaN,2lziHvZm1D,299
EOU7t4siTy,q2XME9v0Ki,300
EOU7t4siTy,EQoaGGQ1ce,301
EOU7t4siTy,BTOYXUKzxu,302
EOU7t4siTy,kXsXMfzSsZ,303
EOU7t4siTy,lPA7RgRMtw,304
EOU7t4siTy,wg1ck8h8rN,305
EOU7t4siTy,wg1ck8h8rN,306
EOU7t4siTy,GEyx0e46cn,307
EOU7t4siTy,aAGebH356j,308
EOU7t4siTy,0yPDfWMDHK,309
EOU7t4siTy,LKafzv4UrR,310
EOU7t4siTy,HNlEUUhdiA,311
EOU7t4siTy,ekM8sraMFZ,312
EOU7t4siTy,5mWe8I9yLi,313
EOU7t4siTy,f7837IMQW6,314
EOU7t4siTy,kXsXMfzSsZ,315
EOU7t4siTy,NESdVjqI4k,316
EOU7t4siTy,fEoUNuUlCC,317
EOU7t4siTy,rPN4eCDi5l,318
EOU7t4siTy,0YN2BXNFdj,319
EOU7t4siTy,gZ4NyCFFa0,320
EOU7t4siTy,2lziHvZm1D,321
EOU7t4siTy,9axSHrDkOe,322
EOU7t4siTy,okJO9rbJmf,323
EOU7t4siTy,2NDX2scSXg,324
EOU7t4siTy,0oDH8Ez5wJ,325
EOU7t4siTy,kXsXMfzSsZ,326
EOU7t4siTy,kXsXMfzSsZ,327
EOU7t4siTy,SSu64NWhxT,328
EOU7t4siTy,pcZH3GUIju,329
EOU7t4siTy,6N6tv8a5TG,330
EOU7t4siTy,DJQrhGzHVM,331
EOU7t4siTy,x74cggTzyl,332
EOU7t4siTy,yuBkZEo6et,333
EOU7t4siTy,u2038AXwWX,334
EOU7t4siTy,isDCk1b7gV,335
EOU7t4siTy,VTNBepJFDI,336
EOU7t4siTy,ovfw5RePo5,337
EOU7t4siTy,SSu64NWhxT,338
EOU7t4siTy,MT7vgMmhPf,339
EOU7t4siTy,F1btJfgxkz,340
EOU7t4siTy,HoeqO285Oh,341
EOU7t4siTy,X6JmsykjRt,342
EOU7t4siTy,vpaZT4hTYo,343
EOU7t4siTy,05Yj7kk4qY,344
EOU7t4siTy,tQwPS7fZNo,345
EOU7t4siTy,HVkL2EYSi3,346
EOU7t4siTy,BTOYXUKzxu,347
EOU7t4siTy,ib0ASxPoNm,348
EOU7t4siTy,280BxCT8xD,349
EOU7t4siTy,N4IpAztHsr,350
EOU7t4siTy,7NNMGJdZv7,351
EOU7t4siTy,8up3NeiZdc,352
EOU7t4siTy,b2uT3jTHos,353
EOU7t4siTy,leEHTyQqXh,354
EOU7t4siTy,lqoDbb83ov,355
EOU7t4siTy,4vYY3sxZwB,356
EOU7t4siTy,czZOasdoqo,357
EOU7t4siTy,ryfDg2Ug2s,358
EOU7t4siTy,1faLe8fKMO,359
3l5zsZv3L2,05Yj7kk4qY,360
3l5zsZv3L2,4vYY3sxZwB,361
3l5zsZv3L2,0dMs2uuBh3,362
3l5zsZv3L2,MLXYWC2Oty,363
3l5zsZv3L2,T9lo50YoNl,364
3l5zsZv3L2,LHUpOPY6n8,365
3l5zsZv3L2,6YoUhKY9YX,366
3l5zsZv3L2,0H6s7gtjv5,367
3l5zsZv3L2,WXsqDL97nT,368
3l5zsZv3L2,KUS5VLfpnf,369
3l5zsZv3L2,I5b6Ka8zPh,370
3l5zsZv3L2,uOC8KQHG3w,371
3l5zsZv3L2,jyaqPczcTN,372
3l5zsZv3L2,HSLJLHK04b,373
3l5zsZv3L2,mW7v0ykFKW,374
3l5zsZv3L2,coQUztfeP8,375
3l5zsZv3L2,okJO9rbJmf,376
3l5zsZv3L2,mhM2mj9v5o,377
3l5zsZv3L2,mW7v0ykFKW,378
3l5zsZv3L2,oFhVSwT30f,379
3l5zsZv3L2,T9lo50YoNl,380
3l5zsZv3L2,iPYJpuOS0J,381
3l5zsZv3L2,IaPfHfan56,382
3l5zsZv3L2,pcZH3GUIju,383
3l5zsZv3L2,s2mhfRgyEF,384
3l5zsZv3L2,A7Dd8qjLNC,385
3l5zsZv3L2,0ZhwHFlPG1,386
3l5zsZv3L2,K8DbrgFYjy,387
3l5zsZv3L2,LKafzv4UrR,388
3l5zsZv3L2,LHUpOPY6n8,389
3l5zsZv3L2,Segk6q9pWN,390
3l5zsZv3L2,UTYJZA8z1v,391
3l5zsZv3L2,MkTtSyCzgT,392
3l5zsZv3L2,leEHTyQqXh,393
3l5zsZv3L2,LHUpOPY6n8,394
3l5zsZv3L2,h4nrrmJxX4,395
3l5zsZv3L2,y5b3AJUbA1,396
3l5zsZv3L2,FZNen7wB7H,397
3l5zsZv3L2,bWtaCnWJ31,398
3l5zsZv3L2,ekM8sraMFZ,399
3l5zsZv3L2,coQUztfeP8,400
3l5zsZv3L2,NuPz7zJo0O,401
3l5zsZv3L2,rPN4eCDi5l,402
3l5zsZv3L2,IaZlbPmzLU,403
3l5zsZv3L2,CC3RIZR1MH,404
3l5zsZv3L2,u2038AXwWX,405
3l5zsZv3L2,WyRuZFjQIb,406
3l5zsZv3L2,s2mhfRgyEF,407
3l5zsZv3L2,2NDX2scSXg,408
3l5zsZv3L2,A7Dd8qjLNC,409
3l5zsZv3L2,pahKxeyaBL,410
3l5zsZv3L2,ekM8sraMFZ,411
3l5zsZv3L2,lPA7RgRMtw,412
3l5zsZv3L2,leEHTyQqXh,413
3l5zsZv3L2,leEHTyQqXh,414
3l5zsZv3L2,ZySukU1zgQ,415
3l5zsZv3L2,Z6eyqSOEmU,416
3l5zsZv3L2,mWbvdBI11n,417
3l5zsZv3L2,DY2MTARA4E,418
3l5zsZv3L2,WyRuZFjQIb,419
Gea9ocicVR,KKgxrWFAvU,420
Gea9ocicVR,leEHTyQqXh,421
Gea9ocicVR,x74cggTzyl,422
Gea9ocicVR,okJO9rbJmf,423
Gea9ocicVR,nnerWwEGBB,424
Gea9ocicVR,lDFvXv5yBP,425
Gea9ocicVR,mW7v0ykFKW,426
Gea9ocicVR,pMy5t6UiXC,427
Gea9ocicVR,vpaZT4hTYo,428
Gea9ocicVR,TpvygTXwST,429
Gea9ocicVR,bWtaCnWJ31,430
Gea9ocicVR,vYUkRwXSXK,431
Gea9ocicVR,fEoUNuUlCC,432
Gea9ocicVR,8FB1vpfp7R,433
Gea9ocicVR,5mWe8I9yLi,434
Gea9ocicVR,NESdVjqI4k,435
Gea9ocicVR,7thHSRmi1w,436
Gea9ocicVR,Y4xWPwETRo,437
Gea9ocicVR,WXsqDL97nT,438
Gea9ocicVR,U6VcUPahFU,439
Gea9ocicVR,s1tw1TkUsA,440
Gea9ocicVR,RLL5BFSp5c,441
Gea9ocicVR,I5b6Ka8zPh,442
Gea9ocicVR,HoeqO285Oh,443
Gea9ocicVR,9nuq8x8cbJ,444
Gea9ocicVR,280BxCT8xD,445
Gea9ocicVR,80F3Bw5d6r,446
Gea9ocicVR,7yQOyj2xZb,447
Gea9ocicVR,KKgxrWFAvU,448
Gea9ocicVR,Vja5Fu5q2r,449
Gea9ocicVR,1faLe8fKMO,450
Gea9ocicVR,0oDH8Ez5wJ,451
Gea9ocicVR,0dMs2uuBh3,452
Gea9ocicVR,F1btJfgxkz,453
Gea9ocicVR,Vja5Fu5q2r,454
Gea9ocicVR,lDFvXv5yBP,455
Gea9ocicVR,tcN4qaeMLP,456
Gea9ocicVR,KUS5VLfpnf,457
Gea9ocicVR,jPXhYXRZ6e,458
Gea9ocicVR,YMJctUwkcx,459
Gea9ocicVR,A7Dd8qjLNC,460
Gea9ocicVR,TWCYkR1ALR,461
Gea9ocicVR,o8zEvssgph,462
Gea9ocicVR,QGFp5Nnjgq,463
Gea9ocicVR,0yPDfWMDHK,464
Gea9ocicVR,RLL5BFSp5c,465
Gea9ocicVR,0dMs2uuBh3,466
Gea9ocicVR,fEoUNuUlCC,467
Gea9ocicVR,x74cggTzyl,468
Gea9ocicVR,Z6eyqSOEmU,469
Gea9ocicVR,3Y4z9qPYrc,470
Gea9ocicVR,gC6E5hkXxX,471
Gea9ocicVR,isDCk1b7gV,472
Gea9ocicVR,NUFflJ1rEq,473
Gea9ocicVR,80F3Bw5d6r,474
Gea9ocicVR,m5vR0NGmp1,475
Gea9ocicVR,pNpcMPjj6T,476
Gea9ocicVR,iOg4px4eiM,477
Gea9ocicVR,LYrbV291bK,478
Gea9ocicVR,coQUztfeP8,479
ZbplzVJYwE,pMECImGZBr,480
ZbplzVJYwE,v3pmqxbcc5,481
ZbplzVJYwE,jPXhYXRZ6e,482
ZbplzVJYwE,2cQETcUkAf,483
ZbplzVJYwE,F1btJfgxkz,484
ZbplzVJYwE,cgnS7KeDpX,485
ZbplzVJYwE,DY2MTARA4E,486
ZbplzVJYwE,yZ9Gv1VeMr,487
ZbplzVJYwE,lPA7RgRMtw,488
ZbplzVJYwE,YUr747KGNF,489
ZbplzVJYwE,Z6eyqSOEmU,490
ZbplzVJYwE,5SlTEOIDQD,491
ZbplzVJYwE,f7837IMQW6,492
ZbplzVJYwE,KPIpiP9f98,493
ZbplzVJYwE,5mWe8I9yLi,494
ZbplzVJYwE,K8DbrgFYjy,495
ZbplzVJYwE,JhXtVOsgFM,496
ZbplzVJYwE,0H6s7gtjv5,497
ZbplzVJYwE,DJQrhGzHVM,498
ZbplzVJYwE,8up3NeiZdc,499
ZbplzVJYwE,9nuq8x8cbJ,500
ZbplzVJYwE,Tl89N6hqXi,501
ZbplzVJYwE,F6AAGhxhYp,502
ZbplzVJYwE,mpkXYGch9I,503
ZbplzVJYwE,5mWe8I9yLi,504
ZbplzVJYwE,uXTCqCmCOm,505
ZbplzVJYwE,aAGebH356j,506
ZbplzVJYwE,pMy5t6UiXC,507
ZbplzVJYwE,hOfe4hZaYy,508
ZbplzVJYwE,2SZ58SAPpI,509
ZbplzVJYwE,rBC1h25yaY,510
ZbplzVJYwE,8up3NeiZdc,511
ZbplzVJYwE,MadznpuTdX,512
ZbplzVJYwE,1N6nQ1Yet1,513
ZbplzVJYwE,zg4EymunjP,514
ZbplzVJYwE,9axSHrDkOe,515
ZbplzVJYwE,0H6s7gtjv5,516
ZbplzVJYwE,y5b3AJUbA1,517
ZbplzVJYwE,VTNBepJFDI,518
ZbplzVJYwE,PqgCokL9vp,519
ZbplzVJYwE,HSLJLHK04b,520
ZbplzVJYwE,KXoQmi0kA7,521
ZbplzVJYwE,2zkrLHfLW8,522
ZbplzVJYwE,W6vkLyktsz,523
ZbplzVJYwE,LjOSq4yoSx,524
ZbplzVJYwE,iOg4px4eiM,525
ZbplzVJYwE,W6vkLyktsz,526
ZbplzVJYwE,N768q8ksrj,527
ZbplzVJYwE,ws76OX07gu,528
ZbplzVJYwE,EQoaGGQ1ce,529
ZbplzVJYwE,vdM4zVLdOm,530
ZbplzVJYwE,bIDKhNMFAf,531
ZbplzVJYwE,HNlEUUhdiA,532
ZbplzVJYwE,oVXYOzKN3r,533
ZbplzVJYwE,eqKJnwd6SM,534
ZbplzVJYwE,2SZ58SAPpI,535
ZbplzVJYwE,ryfDg2Ug2s,536
ZbplzVJYwE,DJQrhGzHVM,537
ZbplzVJYwE,Segk6q9pWN,538
ZbplzVJYwE,SSu64NWhxT,539
nkxAp1ZEXI,6ZQj7UJ58m,540
nkxAp1ZEXI,GEyx0e46cn,541
nkxAp1ZEXI,1faLe8fKMO,542
nkxAp1ZEXI,cgnS7KeDpX,543
nkxAp1ZEXI,hTUDwdfR8a,544
nkxAp1ZEXI,c37SgQo4UR,545
nkxAp1ZEXI,8lwFol7AZd,546
nkxAp1ZEXI,F6AAGhxhYp,547
nkxAp1ZEXI,iPYJpuOS0J,548
nkxAp1ZEXI,VeXcWv48oe,549
nkxAp1ZEXI,ws76OX07gu,550
nkxAp1ZEXI,LKafzv4UrR,551
nkxAp1ZEXI,UTYJZA8z1v,552
nkxAp1ZEXI,LjOSq4yoSx,553
nkxAp1ZEXI,IaPfHfan56,554
nkxAp1ZEXI,vYUkRwXSXK,555
nkxAp1ZEXI,gZ4NyCFFa0,556
nkxAp1ZEXI,JZ0XOFEAks,557
nkxAp1ZEXI,jEHPx6oWfS,558
nkxAp1ZEXI,kLnkmaMQKI,559
nkxAp1ZEXI,CjAbb0PYrC,560
nkxAp1ZEXI,ddrZxnhLEZ,561
nkxAp1ZEXI,pNpcMPjj6T,562
nkxAp1ZEXI,pFYLW05WPC,563
nkxAp1ZEXI,9nuq8x8cbJ,564
nkxAp1ZEXI,Vja5Fu5q2r,565
nkxAp1ZEXI,0H6s7gtjv5,566
nkxAp1ZEXI,kXsXMfzSsZ,567
nkxAp1ZEXI,05Yj7kk4qY,568
nkxAp1ZEXI,aAGebH356j,569
nkxAp1ZEXI,UTYJZA8z1v,570
nkxAp1ZEXI,Q41HVG4eoF,571
nkxAp1ZEXI,LjOSq4yoSx,572
nkxAp1ZEXI,Z6eyqSOEmU,573
nkxAp1ZEXI,LYrbV291bK,574
nkxAp1ZEXI,gO0Su7MY5m,575
nkxAp1ZEXI,m5vR0NGmp1,576
nkxAp1ZEXI,isDCk1b7gV,577
nkxAp1ZEXI,mWbvdBI11n,578
nkxAp1ZEXI,M05mkCCAl9,579
nkxAp1ZEXI,Km7BO678nx,580
nkxAp1ZEXI,8FB1vpfp7R,581
nkxAp1ZEXI,qPYILTO8LR,582
nkxAp1ZEXI,pMECImGZBr,583
nkxAp1ZEXI,B0UBr3w86T,584
nkxAp1ZEXI,UTYJZA8z1v,585
nkxAp1ZEXI,2cQETcUkAf,586
nkxAp1ZEXI,4vYY3sxZwB,587
nkxAp1ZEXI,ws76OX07gu,588
nkxAp1ZEXI,gO0Su7MY5m,589
nkxAp1ZEXI,yaJg7Hvwwf,590
nkxAp1ZEXI,mhM2mj9v5o,591
nkxAp1ZEXI,nnerWwEGBB,592
nkxAp1ZEXI,aw4CCpbOlA,593
nkxAp1ZEXI,iOg4px4eiM,594
nkxAp1ZEXI,TWCYkR1ALR,595
nkxAp1ZEXI,oVXYOzKN3r,596
nkxAp1ZEXI,Z6eyqSOEmU,597
nkxAp1ZEXI,D1JZ3yF86p,598
nkxAp1ZEXI,vYUkRwXSXK,599
SInqNECOON,hTUDwdfR8a,600
SInqNECOON,pFYLW05WPC,601
SInqNECOON,vYUkRwXSXK,602
SInqNECOON,vpaZT4hTYo,603
SInqNECOON,XmR4B0H8JB,604
SInqNECOON,iOg4px4eiM,605
SInqNECOON,KELyI0J8MR,606
SInqNECOON,9nuq8x8cbJ,607
SInqNECOON,LHUpOPY6n8,608
SInqNECOON,MeK8li2rwE,609
SInqNECOON,F4FPlUIEUX,610
SInqNECOON,AVGTDViDz0,611
SInqNECOON,0alRD4VVpv,612
SInqNECOON,5mWe8I9yLi,613
SInqNECOON,XXpTLCFqsT,614
SInqNECOON,I5b6Ka8zPh,615
SInqNECOON,KELyI0J8MR,616
SInqNECOON,1faLe8fKMO,617
SInqNECOON,fhk47mRhno,618
SInqNECOON,M05mkCCAl9,619
SInqNECOON,mpkXYGch9I,620
SInqNECOON,2wAocYO3G1,621
SInqNECOON,LHUpOPY6n8,622
SInqNECOON,5VYtygsBa9,623
SInqNECOON,5SlTEOIDQD,624
SInqNECOON,YUr747KGNF,625
SInqNECOON,mW7v0ykFKW,626
SInqNECOON,lDFvXv5yBP,627
SInqNECOON,LjOSq4yoSx,628
SInqNECOON,2cQETcUkAf,629
SInqNECOON,99AidrNq2B,630
SInqNECOON,s48W7smG52,631
SInqNECOON,DotndAVrS6,632
SInqNECOON,hTUDwdfR8a,633
SInqNECOON,IaZlbPmzLU,634
SInqNECOON,pMECImGZBr,635
SInqNECOON,TWCYkR1ALR,636
SInqNECOON,WsIaixEyH7,637
SInqNECOON,1N6nQ1Yet1,638
SInqNECOON,gZ4NyCFFa0,639
SInqNECOON,HVkL2EYSi3,640
SInqNECOON,lqoDbb83ov,641
SInqNECOON,280BxCT8xD,642
SInqNECOON,QiW51gvcVK,643
SInqNECOON,8tmktKpKAY,644
SInqNECOON,pcZH3GUIju,645
SInqNECOON,ekM8sraMFZ,646
SInqNECOON,svWa2t8Vtk,647
SInqNECOON,s48W7smG52,648
SInqNECOON,svWa2t8Vtk,649
SInqNECOON,m5vR0NGmp1,650
SInqNECOON,yuBkZEo6et,651
SInqNECOON,X6JmsykjRt,652
SInqNECOON,8up3NeiZdc,653
SInqNECOON,Q41HVG4eoF,654
SInqNECOON,uXTCqCmCOm,655
SInqNECOON,uOC8KQHG3w,656
SInqNECOON,mW7v0ykFKW,657
SInqNECOON,NESdVjqI4k,658
SInqNECOON,8tmktKpKAY,659
yjuSiL3SLk,ws76OX07gu,660
yjuSiL3SLk,pFYLW05WPC,661
yjuSiL3SLk,Ea9FOULGag,662
yjuSiL3SLk,UjP8LM3xqS,663
yjuSiL3SLk,I5b6Ka8zPh,664
yjuSiL3SLk,vpaZT4hTYo,665
yjuSiL3SLk,s2mhfRgyEF,666
yjuSiL3SLk,Km7BO678nx,667
yjuSiL3SLk,5VYtygsBa9,668
yjuSiL3SLk,rPN4eCDi5l,669
yjuSiL3SLk,svWa2t8Vtk,670
yjuSiL3SLk,M05mkCCAl9,671
yjuSiL3SLk,ekM8sraMFZ,672
yjuSiL3SLk,vdM4zVLdOm,673
yjuSiL3SLk,fEoUNuUlCC,674
yjuSiL3SLk,MLXYWC2Oty,675
yjuSiL3SLk,NUFflJ1rEq,676
yjuSiL3SLk,TWCYkR1ALR,677
yjuSiL3SLk,IaZlbPmzLU,678
yjuSiL3SLk,FZNen7wB7H,679
yjuSiL3SLk,s2mhfRgyEF,680
yjuSiL3SLk,oFhVSwT30f,681
yjuSiL3SLk,5SlTEOIDQD,682
yjuSiL3SLk,8tmktKpKAY,683
yjuSiL3SLk,6YoUhKY9YX,684
yjuSiL3SLk,8lwFol7AZd,685
yjuSiL3SLk,D1JZ3yF86p,686
yjuSiL3SLk,WWSwsFFaHJ,687
yjuSiL3SLk,xEqJo6xjss,688
yjuSiL3SLk,rnZrTPMdPX,689
yjuSiL3SLk,u2038AXwWX,690
yjuSiL3SLk,733B1eCk9Q,691
yjuSiL3SLk,F1btJfgxkz,692
yjuSiL3SLk,vYUkRwXSXK,693
yjuSiL3SLk,eqKJnwd6SM,694
yjuSiL3SLk,K8DbrgFYjy,695
yjuSiL3SLk,hP8OWUhxrR,696
yjuSiL3SLk,DJQrhGzHVM,697
yjuSiL3SLk,WsIaixEyH7,698
yjuSiL3SLk,oVXYOzKN3r,699
yjuSiL3SLk,NUFflJ1rEq,700
yjuSiL3SLk,IVckoUfBGF,701
yjuSiL3SLk,N768q8ksrj,702
yjuSiL3SLk,uLeWaUKKPn,703
yjuSiL3SLk,2zkrLHfLW8,704
yjuSiL3SLk,aTjrS03MAf,705
yjuSiL3SLk,JioiFlqKWk,706
yjuSiL3SLk,N4IpAztHsr,707
yjuSiL3SLk,ekM8sraMFZ,708
yjuSiL3SLk,3Y4z9qPYrc,709
yjuSiL3SLk,MT7vgMmhPf,710
yjuSiL3SLk,s48W7smG52,711
yjuSiL3SLk,KPIpiP9f98,712
yjuSiL3SLk,4vYY3sxZwB,713
yjuSiL3SLk,HoeqO285Oh,714
yjuSiL3SLk,K8DbrgFYjy,715
yjuSiL3SLk,tcN4qaeMLP,716
yjuSiL3SLk,IaZlbPmzLU,717
yjuSiL3SLk,bIDKhNMFAf,718
yjuSiL3SLk,0YN2BXNFdj,719
rOqwzrCoDV,ddrZxnhLEZ,720
rOqwzrCoDV,80F3Bw5d6r,721
rOqwzrCoDV,Clx4tDPBjt,722
rOqwzrCoDV,MadznpuTdX,723
rOqwzrCoDV,qPYILTO8LR,724
rOqwzrCoDV,AW9CfLRGQO,725
rOqwzrCoDV,ib0ASxPoNm,726
rOqwzrCoDV,K8DbrgFYjy,727
rOqwzrCoDV,CC3RIZR1MH,728
rOqwzrCoDV,ryfDg2Ug2s,729
rOqwzrCoDV,9axSHrDkOe,730
rOqwzrCoDV,MLXYWC2Oty,731
rOqwzrCoDV,ovfw5RePo5,732
rOqwzrCoDV,leEHTyQqXh,733
rOqwzrCoDV,lPA7RgRMtw,734
rOqwzrCoDV,bWtaCnWJ31,735
rOqwzrCoDV,wg1ck8h8rN,736
rOqwzrCoDV,ig5A6jj25o,737
rOqwzrCoDV,8lwFol7AZd,738
rOqwzrCoDV,BxH0APZ4Yu,739
rOqwzrCoDV,3Y4z9qPYrc,740
rOqwzrCoDV,ryfDg2Ug2s,741
rOqwzrCoDV,GEyx0e46cn,742
rOqwzrCoDV,OircvaOpLg,743
rOqwzrCoDV,dULRUXkZsz,744
rOqwzrCoDV,mj3cwa6jiq,745
rOqwzrCoDV,0H6s7gtjv5,746
rOqwzrCoDV,KELyI0J8MR,747
rOqwzrCoDV,gZ4NyCFFa0,748
rOqwzrCoDV,q2XME9v0Ki,749
rOqwzrCoDV,lDFvXv5yBP,750
rOqwzrCoDV,KKgxrWFAvU,751
rOqwzrCoDV,vYUkRwXSXK,752
rOqwzrCoDV,Mwb3JHGohg,753
rOqwzrCoDV,gZ4NyCFFa0,754
rOqwzrCoDV,rPN4eCDi5l,755
rOqwzrCoDV,uXTCqCmCOm,756
rOqwzrCoDV,ws76OX07gu,757
rOqwzrCoDV,yZ9Gv1VeMr,758
rOqwzrCoDV,1faLe8fKMO,759
rOqwzrCoDV,0H6s7gtjv5,760
rOqwzrCoDV,KUS5VLfpnf,761
rOqwzrCoDV,lPA7RgRMtw,762
rOqwzrCoDV,ZySukU1zgQ,763
rOqwzrCoDV,RLL5BFSp5c,764
rOqwzrCoDV,cgnS7KeDpX,765
rOqwzrCoDV,pcZH3GUIju,766
rOqwzrCoDV,U6VcUPahFU,767
rOqwzrCoDV,i0ptUsveOS,768
rOqwzrCoDV,Nfg0P9Aoku,769
rOqwzrCoDV,kLnkmaMQKI,770
rOqwzrCoDV,iOg4px4eiM,771
rOqwzrCoDV,pFq3sEjlru,772
rOqwzrCoDV,Segk6q9pWN,773
rOqwzrCoDV,JhXtVOsgFM,774
rOqwzrCoDV,okJO9rbJmf,775
rOqwzrCoDV,jyaqPczcTN,776
rOqwzrCoDV,KELyI0J8MR,777
rOqwzrCoDV,7yQOyj2xZb,778
rOqwzrCoDV,ekM8sraMFZ,779
uz3GMmIB43,ovfw5RePo5,780
uz3GMmIB43,yZ9Gv1VeMr,781
uz3GMmIB43,0thyFAkxKO,782
uz3GMmIB43,PqgCokL9vp,783
uz3GMmIB43,Q41HVG4eoF,784
uz3GMmIB43,kLnkmaMQKI,785
uz3GMmIB43,hTUDwdfR8a,786
uz3GMmIB43,fEoUNuUlCC,787
uz3GMmIB43,c37SgQo4UR,788
uz3GMmIB43,NuPz7zJo0O,789
uz3GMmIB43,HoeqO285Oh,790
uz3GMmIB43,Zvtr8LNbFb,791
uz3GMmIB43,7NNMGJdZv7,792
uz3GMmIB43,BxH0APZ4Yu,793
uz3GMmIB43,0ZhwHFlPG1,794
uz3GMmIB43,7KAwrqP7m2,795
uz3GMmIB43,SSu64NWhxT,796
uz3GMmIB43,Vja5Fu5q2r,797
uz3GMmIB43,KKgxrWFAvU,798
uz3GMmIB43,kK0GE58PTV,799
uz3GMmIB43,XmR4B0H8JB,800
uz3GMmIB43,TpvygTXwST,801
uz3GMmIB43,h4nrrmJxX4,802
uz3GMmIB43,NuPz7zJo0O,803
uz3GMmIB43,aAGebH356j,804
uz3GMmIB43,ws76OX07gu,805
uz3GMmIB43,AVGTDViDz0,806
uz3GMmIB43,jPXhYXRZ6e,807
uz3GMmIB43,UjP8LM3xqS,808
uz3GMmIB43,uOC8KQHG3w,809
uz3GMmIB43,mhM2mj9v5o,810
uz3GMmIB43,5mWe8I9yLi,811
uz3GMmIB43,b2uT3jTHos,812
uz3GMmIB43,RLL5BFSp5c,813
uz3GMmIB43,leEHTyQqXh,814
uz3GMmIB43,F4FPlUIEUX,815
uz3GMmIB43,vdM4zVLdOm,816
uz3GMmIB43,czZOasdoqo,817
uz3GMmIB43,yZ9Gv1VeMr,818
uz3GMmIB43,7KAwrqP7m2,819
uz3GMmIB43,YMJctUwkcx,820
uz3GMmIB43,hOfe4hZaYy,821
uz3GMmIB43,Q41HVG4eoF,822
uz3GMmIB43,5mWe8I9yLi,823
uz3GMmIB43,yaJg7Hvwwf,824
uz3GMmIB43,KUS5VLfpnf,825
uz3GMmIB43,B0UBr3w86T,826
uz3GMmIB43,Zvtr8LNbFb,827
uz3GMmIB43,jPXhYXRZ6e,828
uz3GMmIB43,jPXhYXRZ6e,829
uz3GMmIB43,iPYJpuOS0J,830
uz3GMmIB43,0thyFAkxKO,831
uz3GMmIB43,ekM8sraMFZ,832
uz3GMmIB43,YUr747KGNF,833
uz3GMmIB43,2lziHvZm1D,834
uz3GMmIB43,XmR4B0H8JB,835
uz3GMmIB43,ws76OX07gu,836
uz3GMmIB43,LjOSq4yoSx,837
uz3GMmIB43,8FB1vpfp7R,838
uz3GMmIB43,ddrZxnhLEZ,839
CPefgWyCqH,HVkL2EYSi3,840
CPefgWyCqH,CC3RIZR1MH,841
CPefgWyCqH,btU0UoIu9z,842
CPefgWyCqH,Tl89N6hqXi,843
CPefgWyCqH,vpaZT4hTYo,844
CPefgWyCqH,oobL07lfEH,845
CPefgWyCqH,Km7BO678nx,846
CPefgWyCqH,D1JZ3yF86p,847
CPefgWyCqH,y5b3AJUbA1,848
CPefgWyCqH,vpaZT4hTYo,849
CPefgWyCqH,jEHPx6oWfS,850
CPefgWyCqH,uLeWaUKKPn,851
CPefgWyCqH,WyRuZFjQIb,852
CPefgWyCqH,8lwFol7AZd,853
CPefgWyCqH,KKgxrWFAvU,854
CPefgWyCqH,s1tw1TkUsA,855
CPefgWyCqH,0alRD4VVpv,856
CPefgWyCqH,iOg4px4eiM,857
CPefgWyCqH,pDXd2YCeHL,858
CPefgWyCqH,dMVlWkFdTZ,859
CPefgWyCqH,JhXtVOsgFM,860
CPefgWyCqH,5VYtygsBa9,861
CPefgWyCqH,kLnkmaMQKI,862
CPefgWyCqH,JZ0XOFEAks,863
CPefgWyCqH,733B1eCk9Q,864
CPefgWyCqH,0oDH8Ez5wJ,865
CPefgWyCqH,2zkrLHfLW8,866
CPefgWyCqH,KXoQmi0kA7,867
CPefgWyCqH,8NZGlECpDU,868
CPefgWyCqH,Zvtr8LNbFb,869
CPefgWyCqH,HNlEUUhdiA,870
CPefgWyCqH,MadznpuTdX,871
CPefgWyCqH,XXpTLCFqsT,872
CPefgWyCqH,QGFp5Nnjgq,873
CPefgWyCqH,fhk47mRhno,874
CPefgWyCqH,3Y4z9qPYrc,875
CPefgWyCqH,M05mkCCAl9,876
CPefgWyCqH,dMVlWkFdTZ,877
CPefgWyCqH,MT7vgMmhPf,878
CPefgWyCqH,svWa2t8Vtk,879
CPefgWyCqH,Segk6q9pWN,880
CPefgWyCqH,VeXcWv48oe,881
CPefgWyCqH,KKgxrWFAvU,882
CPefgWyCqH,f7837IMQW6,883
CPefgWyCqH,o8zEvssgph,884
CPefgWyCqH,8up3NeiZdc,885
CPefgWyCqH,NUFflJ1rEq,886
CPefgWyCqH,y5b3AJUbA1,887
CPefgWyCqH,Zvtr8LNbFb,888
CPefgWyCqH,xEqJo6xjss,889
CPefgWyCqH,Yl655cPOgq,890
CPefgWyCqH,aw4CCpbOlA,891
CPefgWyCqH,b2uT3jTHos,892
CPefgWyCqH,orG967ZsLb,893
CPefgWyCqH,s2mhfRgyEF,894
CPefgWyCqH,f7837IMQW6,895
CPefgWyCqH,RLL5BFSp5c,896
CPefgWyCqH,pNpcMPjj6T,897
CPefgWyCqH,uOC8KQHG3w,898
CPefgWyCqH,Z6eyqSOEmU,899
D35HV7dOG4,IaZlbPmzLU,900
D35HV7dOG4,mhM2mj9v5o,901
D35HV7dOG4,LYrbV291bK,902
D35HV7dOG4,svWa2t8Vtk,903
D35HV7dOG4,0H6s7gtjv5,904
D35HV7dOG4,eqKJnwd6SM,905
D35HV7dOG4,mW7v0ykFKW,906
D35HV7dOG4,oFhVSwT30f,907
D35HV7dOG4,rnZrTPMdPX,908
D35HV7dOG4,pFq3sEjlru,909
D35HV7dOG4,btU0UoIu9z,910
D35HV7dOG4,yaJg7Hvwwf,911
D35HV7dOG4,oVXYOzKN3r,912
D35HV7dOG4,pNpcMPjj6T,913
D35HV7dOG4,F4FPlUIEUX,914
D35HV7dOG4,HSLJLHK04b,915
D35HV7dOG4,pcZH3GUIju,916
D35HV7dOG4,PuaIfQOdnj,917
D35HV7dOG4,5SlTEOIDQD,918
D35HV7dOG4,JhXtVOsgFM,919
D35HV7dOG4,tQwPS7fZNo,920
D35HV7dOG4,MkTtSyCzgT,921
D35HV7dOG4,IaZlbPmzLU,922
D35HV7dOG4,N4IpAztHsr,923
D35HV7dOG4,yZ9Gv1VeMr,924
D35HV7dOG4,cgnS7KeDpX,925
D35HV7dOG4,TWCYkR1ALR,926
D35HV7dOG4,leEHTyQqXh,927
D35HV7dOG4,4vYY3sxZwB,928
D35HV7dOG4,pahKxeyaBL,929
D35HV7dOG4,fEoUNuUlCC,930
D35HV7dOG4,wg1ck8h8rN,931
D35HV7dOG4,1N6nQ1Yet1,932
D35HV7dOG4,LHUpOPY6n8,933
D35HV7dOG4,mWbvdBI11n,934
D35HV7dOG4,9nuq8x8cbJ,935
D35HV7dOG4,N4IpAztHsr,936
D35HV7dOG4,5mWe8I9yLi,937
D35HV7dOG4,GEyx0e46cn,938
D35HV7dOG4,cgnS7KeDpX,939
D35HV7dOG4,eqKJnwd6SM,940
D35HV7dOG4,lDFvXv5yBP,941
D35HV7dOG4,NUFflJ1rEq,942
D35HV7dOG4,280BxCT8xD,943
D35HV7dOG4,733B1eCk9Q,944
D35HV7dOG4,7KAwrqP7m2,945
D35HV7dOG4,1N6nQ1Yet1,946
D35HV7dOG4,MLXYWC2Oty,947
D35HV7dOG4,aBzkttGkzl,948
D35HV7dOG4,dbprGfFLDD,949
D35HV7dOG4,KPIpiP9f98,950
D35HV7dOG4,ib0ASxPoNm,951
D35HV7dOG4,vpaZT4hTYo,952
D35HV7dOG4,uXTCqCmCOm,953
D35HV7dOG4,SSu64NWhxT,954
D35HV7dOG4,fhk47mRhno,955
D35HV7dOG4,IaZlbPmzLU,956
D35HV7dOG4,MeK8li2rwE,957
D35HV7dOG4,Q41HVG4eoF,958
D35HV7dOG4,IVckoUfBGF,959
qwuScRrrnn,AW9CfLRGQO,960
qwuScRrrnn,NuPz7zJo0O,961
qwuScRrrnn,OircvaOpLg,962
qwuScRrrnn,vdM4zVLdOm,963
qwuScRrrnn,0ZhwHFlPG1,964
qwuScRrrnn,Segk6q9pWN,965
qwuScRrrnn,tcN4qaeMLP,966
qwuScRrrnn,VeXcWv48oe,967
qwuScRrrnn,EQoaGGQ1ce,968
qwuScRrrnn,Nfg0P9Aoku,969
qwuScRrrnn,rBC1h25yaY,970
qwuScRrrnn,aBzkttGkzl,971
qwuScRrrnn,0YN2BXNFdj,972
qwuScRrrnn,hP8OWUhxrR,973
qwuScRrrnn,bIDKhNMFAf,974
qwuScRrrnn,iPYJpuOS0J,975
qwuScRrrnn,Mwb3JHGohg,976
qwuScRrrnn,3Y4z9qPYrc,977
qwuScRrrnn,aBzkttGkzl,978
qwuScRrrnn,Nfg0P9Aoku,979
qwuScRrrnn,5SlTEOIDQD,980
qwuScRrrnn,h4nrrmJxX4,981
qwuScRrrnn,5SlTEOIDQD,982
qwuScRrrnn,acUNaFohpW,983
qwuScRrrnn,D1JZ3yF86p,984
qwuScRrrnn,pcZH3GUIju,985
qwuScRrrnn,NzUsekxlmk,986
qwuScRrrnn,6Df2MkE7hw,987
qwuScRrrnn,QGFp5Nnjgq,988
qwuScRrrnn,hOfe4hZaYy,989
qwuScRrrnn,MkTtSyCzgT,990
qwuScRrrnn,IaPfHfan56,991
qwuScRrrnn,U6VcUPahFU,992
qwuScRrrnn,UTYJZA8z1v,993
qwuScRrrnn,SSu64NWhxT,994
qwuScRrrnn,mhM2mj9v5o,995
qwuScRrrnn,IaPfHfan56,996
qwuScRrrnn,QiW51gvcVK,997
qwuScRrrnn,s1tw1TkUsA,998
qwuScRrrnn,ib0ASxPoNm,999
qwuScRrrnn,pcZH3GUIju,1000
qwuScRrrnn,uOC8KQHG3w,1001
qwuScRrrnn,fEoUNuUlCC,1002
qwuScRrrnn,T9lo50YoNl,1003
qwuScRrrnn,TPE44ZQJnH,1004
qwuScRrrnn,vpaZT4hTYo,1005
qwuScRrrnn,dMVlWkFdTZ,1006
qwuScRrrnn,FZNen7wB7H,1007
qwuScRrrnn,XmR4B0H8JB,1008
qwuScRrrnn,uOC8KQHG3w,1009
qwuScRrrnn,bIDKhNMFAf,1010
qwuScRrrnn,BTOYXUKzxu,1011
qwuScRrrnn,6YoUhKY9YX,1012
qwuScRrrnn,aw4CCpbOlA,1013
qwuScRrrnn,KPIpiP9f98,1014
qwuScRrrnn,AW9CfLRGQO,1015
qwuScRrrnn,iPYJpuOS0J,1016
qwuScRrrnn,PuaIfQOdnj,1017
qwuScRrrnn,lqoDbb83ov,1018
qwuScRrrnn,oobL07lfEH,1019
qix9bPdO9H,80F3Bw5d6r,1020
qix9bPdO9H,Q41HVG4eoF,1021
qix9bPdO9H,b2uT3jTHos,1022
qix9bPdO9H,PqgCokL9vp,1023
qix9bPdO9H,MT7vgMmhPf,1024
qix9bPdO9H,lPA7RgRMtw,1025
qix9bPdO9H,U6VcUPahFU,1026
qix9bPdO9H,SSu64NWhxT,1027
qix9bPdO9H,gO0Su7MY5m,1028
qix9bPdO9H,0oDH8Ez5wJ,1029
qix9bPdO9H,IaPfHfan56,1030
qix9bPdO9H,9nuq8x8cbJ,1031
qix9bPdO9H,btU0UoIu9z,1032
qix9bPdO9H,dULRUXkZsz,1033
qix9bPdO9H,VeXcWv48oe,1034
qix9bPdO9H,orG967ZsLb,1035
qix9bPdO9H,TpvygTXwST,1036
qix9bPdO9H,KUS5VLfpnf,1037
qix9bPdO9H,LjOSq4yoSx,1038
qix9bPdO9H,rBC1h25yaY,1039
qix9bPdO9H,F6AAGhxhYp,1040
qix9bPdO9H,DotndAVrS6,1041
qix9bPdO9H,vdM4zVLdOm,1042
qix9bPdO9H,Y4xWPwETRo,1043
qix9bPdO9H,3Y4z9qPYrc,1044
qix9bPdO9H,0dMs2uuBh3,1045
qix9bPdO9H,DJQrhGzHVM,1046
qix9bPdO9H,yuBkZEo6et,1047
qix9bPdO9H,nnerWwEGBB,1048
qix9bPdO9H,XXpTLCFqsT,1049
qix9bPdO9H,cgnS7KeDpX,1050
qix9bPdO9H,MadznpuTdX,1051
qix9bPdO9H,pFYLW05WPC,1052
qix9bPdO9H,MadznpuTdX,1053
qix9bPdO9H,7yQOyj2xZb,1054
qix9bPdO9H,BxH0APZ4Yu,1055
qix9bPdO9H,WsIaixEyH7,1056
qix9bPdO9H,pFYLW05WPC,1057
qix9bPdO9H,LHUpOPY6n8,1058
qix9bPdO9H,280BxCT8xD,1059
qix9bPdO9H,LjOSq4yoSx,1060
qix9bPdO9H,6YoUhKY9YX,1061
qix9bPdO9H,aAGebH356j,1062
qix9bPdO9H,ryfDg2Ug2s,1063
qix9bPdO9H,UjP8LM3xqS,1064
qix9bPdO9H,d2ubELFxFb,1065
qix9bPdO9H,mpkXYGch9I,1066
qix9bPdO9H,MeK8li2rwE,1067
qix9bPdO9H,kK0GE58PTV,1068
qix9bPdO9H,qPYILTO8LR,1069
qix9bPdO9H,uOC8KQHG3w,1070
qix9bPdO9H,0yPDfWMDHK,1071
qix9bPdO9H,LKafzv4UrR,1072
qix9bPdO9H,pNpcMPjj6T,1073
qix9bPdO9H,mhM2mj9v5o,1074
qix9bPdO9H,Yl655cPOgq,1075
qix9bPdO9H,isDCk1b7gV,1076
qix9bPdO9H,czZOasdoqo,1077
qix9bPdO9H,mj3cwa6jiq,1078
qix9bPdO9H,mWbvdBI11n,1079
WRaS0iCzSl,kXsXMfzSsZ,1080
WRaS0iCzSl,1N6nQ1Yet1,1081
WRaS0iCzSl,oFhVSwT30f,1082
WRaS0iCzSl,mWbvdBI11n,1083
WRaS0iCzSl,GEyx0e46cn,1084
WRaS0iCzSl,1faLe8fKMO,1085
WRaS0iCzSl,4vYY3sxZwB,1086
WRaS0iCzSl,NuPz7zJo0O,1087
WRaS0iCzSl,WyRuZFjQIb,1088
WRaS0iCzSl,LKafzv4UrR,1089
WRaS0iCzSl,mpkXYGch9I,1090
WRaS0iCzSl,HNlEUUhdiA,1091
WRaS0iCzSl,coQUztfeP8,1092
WRaS0iCzSl,kXsXMfzSsZ,1093
WRaS0iCzSl,7thHSRmi1w,1094
WRaS0iCzSl,WyRuZFjQIb,1095
WRaS0iCzSl,leEHTyQqXh,1096
WRaS0iCzSl,8up3NeiZdc,1097
WRaS0iCzSl,pMy5t6UiXC,1098
WRaS0iCzSl,N768q8ksrj,1099
WRaS0iCzSl,ib0ASxPoNm,1100
WRaS0iCzSl,7thHSRmi1w,1101
WRaS0iCzSl,MkTtSyCzgT,1102
WRaS0iCzSl,0alRD4VVpv,1103
WRaS0iCzSl,hP8OWUhxrR,1104
WRaS0iCzSl,vdM4zVLdOm,1105
WRaS0iCzSl,aw4CCpbOlA,1106
WRaS0iCzSl,2wAocYO3G1,1107
WRaS0iCzSl,pFYLW05WPC,1108
WRaS0iCzSl,vdM4zVLdOm,1109
WRaS0iCzSl,iOg4px4eiM,1110
WRaS0iCzSl,x74cggTzyl,1111
WRaS0iCzSl,DotndAVrS6,1112
WRaS0iCzSl,QGFp5Nnjgq,1113
WRaS0iCzSl,m5vR0NGmp1,1114
WRaS0iCzSl,isDCk1b7gV,1115
WRaS0iCzSl,iOg4px4eiM,1116
WRaS0iCzSl,5SlTEOIDQD,1117
WRaS0iCzSl,iOg4px4eiM,1118
WRaS0iCzSl,acUNaFohpW,1119
WRaS0iCzSl,gZ4NyCFFa0,1120
WRaS0iCzSl,80F3Bw5d6r,1121
WRaS0iCzSl,T9lo50YoNl,1122
WRaS0iCzSl,KELyI0J8MR,1123
WRaS0iCzSl,99AidrNq2B,1124
WRaS0iCzSl,uLeWaUKKPn,1125
WRaS0iCzSl,AW9CfLRGQO,1126
WRaS0iCzSl,NzUsekxlmk,1127
WRaS0iCzSl,BTOYXUKzxu,1128
WRaS0iCzSl,IVckoUfBGF,1129
WRaS0iCzSl,OircvaOpLg,1130
WRaS0iCzSl,ryfDg2Ug2s,1131
WRaS0iCzSl,WyRuZFjQIb,1132
WRaS0iCzSl,6ZQj7UJ58m,1133
WRaS0iCzSl,Vja5Fu5q2r,1134
WRaS0iCzSl,2zkrLHfLW8,1135
WRaS0iCzSl,isDCk1b7gV,1136
WRaS0iCzSl,Segk6q9pWN,1137
WRaS0iCzSl,jEHPx6oWfS,1138
WRaS0iCzSl,nXVVlsStqu,1139
CoLU3eEzDG,tQwPS7fZNo,1140
CoLU3eEzDG,x74cggTzyl,1141
CoLU3eEzDG,ddrZxnhLEZ,1142
CoLU3eEzDG,s2mhfRgyEF,1143
CoLU3eEzDG,Clx4tDPBjt,1144
CoLU3eEzDG,0H6s7gtjv5,1145
CoLU3eEzDG,gO0Su7MY5m,1146
CoLU3eEzDG,Yl655cPOgq,1147
CoLU3eEzDG,mhM2mj9v5o,1148
CoLU3eEzDG,TPE44ZQJnH,1149
CoLU3eEzDG,acUNaFohpW,1150
CoLU3eEzDG,Yl655cPOgq,1151
CoLU3eEzDG,oobL07lfEH,1152
CoLU3eEzDG,I5b6Ka8zPh,1153
CoLU3eEzDG,2lziHvZm1D,1154
CoLU3eEzDG,1faLe8fKMO,1155
CoLU3eEzDG,dULRUXkZsz,1156
CoLU3eEzDG,tQwPS7fZNo,1157
CoLU3eEzDG,Tcu0QBXQbY,1158
CoLU3eEzDG,7yQOyj2xZb,1159
CoLU3eEzDG,aw4CCpbOlA,1160
CoLU3eEzDG,hP8OWUhxrR,1161
CoLU3eEzDG,0oDH8Ez5wJ,1162
CoLU3eEzDG,mhM2mj9v5o,1163
CoLU3eEzDG,WsIaixEyH7,1164
CoLU3eEzDG,dMVlWkFdTZ,1165
CoLU3eEzDG,Yl655cPOgq,1166
qix9bPdO9H,s2mhfRgyEF,1167
qix9bPdO9H,oobL07lfEH,1168
qix9bPdO9H,rBC1h25yaY,1169
qix9bPdO9H,CC3RIZR1MH,1170
qix9bPdO9H,s2mhfRgyEF,1171
qix9bPdO9H,bIDKhNMFAf,1172
qix9bPdO9H,bIDKhNMFAf,1173
qix9bPdO9H,jyaqPczcTN,1174
